Epoch,Loss,Accuracy
0,2.0099359243344037,0.5137997432605905
1,1.471153939075959,0.6181001283697047
2,1.160121459227342,0.7185494223363287
3,0.9414425987463731,0.7939666238767651
4,0.7778615279075427,0.8289473684210527
5,0.6697760918201544,0.8543003851091142
6,0.5853465074147933,0.8716302952503209
7,0.5281788326226748,0.884788189987163
8,0.47176280938662013,0.8937740693196405
9,0.4450374632309645,0.9056482670089859
10,0.4093575158944497,0.9146341463414634
11,0.3765389362206826,0.9181643132220796
12,0.3544595897197723,0.9181643132220796
13,0.3352634011934965,0.9255455712451861
14,0.31591537862251967,0.9245827984595636
15,0.2996351441511741,0.9322849807445442
16,0.282330193122228,0.9370988446726572
17,0.272572122552456,0.9358151476251605
18,0.2602805000849259,0.9387034659820283
19,0.2568665608381614,0.9419127086007703
20,0.2402893908512898,0.9428754813863928
21,0.23093782372963734,0.941591784338896
22,0.22826656385874136,0.9435173299101413
23,0.21627100098591584,0.94801026957638
24,0.2140786125873908,0.9505776636713735
25,0.20791048736144335,0.9502567394094994
26,0.2140579084555308,0.9499358151476252
27,0.19263203552900215,0.9492939666238768
28,0.18629184424495085,0.9525032092426188
29,0.18626727045346528,0.9528241335044929
30,0.18071982929339775,0.9515404364569962
31,0.1831184718853388,0.9531450577663672
32,0.16833397711698825,0.9557124518613607
33,0.1603716323390985,0.9553915275994865
34,0.16145391487158262,0.9576379974326059
35,0.1558116930608566,0.9563543003851092
36,0.15308362176785104,0.9589216944801027
37,0.1580545381666758,0.959563543003851
38,0.14860439501129663,0.959563543003851
39,0.1435344353509255,0.9592426187419769
40,0.1443108567251609,0.9621309370988447
41,0.1367398812698248,0.9637355584082157
42,0.13927190728867667,0.962772785622593
43,0.13581483318255497,0.9605263157894737
44,0.13291681903677108,0.9634146341463414
45,0.12935195280573306,0.964377406931964
46,0.13484430903425584,0.9653401797175867
47,0.12771333844806904,0.9663029525032092
48,0.12472098010281722,0.9672657252888318
49,0.13376969551810852,0.9675866495507061
50,0.12202668969447795,0.9666238767650834
51,0.11916788768691894,0.9669448010269577
52,0.1212098682155976,0.9675866495507061
53,0.12064558627704779,0.9701540436456996
54,0.1243270944708433,0.9672657252888318
55,0.11997259272596775,0.9669448010269577
56,0.11147664537987648,0.9685494223363287
57,0.12910450205493432,0.9695121951219512
58,0.11112972198961638,0.9707958921694481
59,0.110300624026702,0.9698331193838254
60,0.10700261836441663,0.9704749679075738
61,0.10713083071586413,0.9682284980744544
62,0.11550388630384054,0.9711168164313222
63,0.10648962554450218,0.9720795892169448
64,0.10663206646075615,0.9717586649550706
65,0.10449648674290914,0.9714377406931964
66,0.1004243964377122,0.9733632862644416
67,0.09999467164086989,0.9707958921694481
68,0.11992129965279347,0.972400513478819
69,0.10123134738264175,0.9720795892169448
70,0.09815504083839746,0.9720795892169448
71,0.10025273895798585,0.9736842105263158
72,0.10547988934872242,0.9717586649550706
73,0.09806735049933195,0.9717586649550706
74,0.09669158109105551,0.9730423620025674
75,0.09517130590020081,0.9730423620025674
76,0.09584955999102347,0.9727214377406932
77,0.09136224472656464,0.9730423620025674
78,0.09299343470006417,0.97400513478819
79,0.09177302460257823,0.9746469833119383
80,0.09250812507115114,0.9759306803594352
81,0.08765916507213543,0.9733632862644416
82,0.08941830143523521,0.9743260590500642
83,0.08781298690785964,0.9746469833119383
84,0.08706767084793403,0.9733632862644416
85,0.08720345050096512,0.975609756097561
86,0.08689440785883329,0.9749679075738126
87,0.08907620039505837,0.9749679075738126
88,0.08673427376227501,0.9759306803594352
89,0.08533014476967928,0.9765725288831836
90,0.08324522878497075,0.9759306803594352
91,0.08615995273949244,0.9743260590500642
92,0.0884106621146202,0.9759306803594352
93,0.08595136634241311,0.9759306803594352
94,0.08186841811029574,0.9743260590500642
95,0.0831302960904745,0.975609756097561
96,0.08134924393529311,0.9752888318356868
97,0.0814756993490916,0.9752888318356868
98,0.08155907353338523,0.9762516046213093
99,0.08019374658664068,0.9762516046213093
100,0.07935906700694408,0.9781771501925546
101,0.07893194336062058,0.9762516046213093
102,0.09202724731980991,0.975609756097561
103,0.07973678663659554,0.9778562259306803
104,0.11853352350493272,0.9762516046213093
105,0.08192636442299073,0.9775353016688062
106,0.07718208933201356,0.9775353016688062
107,0.0748187050796472,0.9768934531450578
108,0.07664549523152601,0.977214377406932
109,0.07597024116474084,0.9768934531450578
110,0.07489993184900437,0.9762516046213093
111,0.073778245316293,0.9781771501925546
112,0.07511361273339925,0.9765725288831836
113,0.0734416441180003,0.977214377406932
114,0.07323373389931825,0.9778562259306803
115,0.07270691796468619,0.9762516046213093
116,0.0717265092743895,0.9781771501925546
117,0.07364273908285376,0.9781771501925546
118,0.0729540136618874,0.9768934531450578
119,0.06931312842867696,0.977214377406932
120,0.07524656072163428,0.9797817715019256
121,0.0946428778509681,0.9791399229781772
122,0.07215946841125305,0.9778562259306803
123,0.07015081342214192,0.9784980744544287
124,0.07307992502091787,0.9794608472400513
125,0.06847533045145564,0.978818998716303
126,0.06927431620752965,0.9784980744544287
127,0.06990022781806496,0.9794608472400513
128,0.07583558798457185,0.978818998716303
129,0.07024354376376439,0.977214377406932
130,0.06822681853738732,0.9784980744544287
131,0.06768268074792547,0.978818998716303
132,0.06793652860304485,0.978818998716303
133,0.06764346574409268,0.9791399229781772
134,0.06778497997528085,0.978818998716303
135,0.07012233983677549,0.9784980744544287
136,0.06691440724505064,0.9794608472400513
137,0.0665229368238495,0.9794608472400513
138,0.06757407858012579,0.9781771501925546
139,0.0679319018092102,0.9794608472400513
140,0.06406243522293292,0.980423620025674
141,0.06397015138600881,0.9797817715019256
142,0.06512568108976269,0.9794608472400513
143,0.06467768139420793,0.9813863928112966
144,0.06460816592025834,0.9817073170731707
145,0.06391816692761122,0.9797817715019256
146,0.06405623106715772,0.9794608472400513
147,0.06392241261827832,0.9813863928112966
148,0.06295626437148223,0.9810654685494223
149,0.07081171797158627,0.9810654685494223
150,0.06419295653796349,0.980423620025674
151,0.062062780172205886,0.9807445442875481
152,0.06168120043734327,0.9794608472400513
153,0.06442025947647217,0.9797817715019256
154,0.06066977638178147,0.982028241335045
155,0.06194055547030308,0.9801026957637997
156,0.07145892874313853,0.9797817715019256
157,0.0601211997322165,0.9813863928112966
158,0.060056106151583105,0.9801026957637997
159,0.06273520031275276,0.9817073170731707
160,0.06130201210840963,0.9807445442875481
161,0.05955293319450739,0.9801026957637997
162,0.06243571292561216,0.9813863928112966
163,0.06072334488376211,0.9813863928112966
164,0.0602817952967225,0.980423620025674
165,0.0608601028075776,0.9807445442875481
166,0.05837426278978968,0.980423620025674
167,0.058440686515174235,0.9797817715019256
168,0.06172404546672717,0.980423620025674
169,0.05857900174764486,0.9826700898587933
170,0.058880269611015536,0.982028241335045
171,0.07011074310598465,0.9801026957637997
172,0.05888222008465956,0.9813863928112966
173,0.06311590153819475,0.9807445442875481
174,0.05645135851600804,0.982028241335045
175,0.057161251434053366,0.9817073170731707
176,0.05833620811597659,0.9810654685494223
177,0.06036477938163071,0.9813863928112966
178,0.05861994546288863,0.982028241335045
179,0.058738582352033025,0.9813863928112966
180,0.05803114075739032,0.982028241335045
181,0.058203280430573684,0.9810654685494223
182,0.05787056651420127,0.982028241335045
183,0.05752365330998332,0.980423620025674
184,0.056801002100110055,0.9817073170731707
185,0.07095156159156409,0.9810654685494223
186,0.0617565768579833,0.9817073170731707
187,0.05604501514194103,0.9807445442875481
188,0.055302996953758295,0.9813863928112966
189,0.05618882723248158,0.9810654685494223
190,0.05642775167257358,0.9813863928112966
191,0.05525888230126256,0.9813863928112966
192,0.05509265078327213,0.9813863928112966
193,0.056342798163397954,0.9797817715019256
194,0.054511132740821595,0.9810654685494223
195,0.056913772989542054,0.9823491655969191
196,0.05345497787810671,0.982028241335045
197,0.05838495663438852,0.9823491655969191
198,0.055428405337704295,0.9810654685494223
199,0.05556981335991086,0.9807445442875481
200,0.05492946286566364,0.982028241335045
201,0.06083053638203404,0.9810654685494223
202,0.05254038687890921,0.9817073170731707
203,0.05230347778385457,0.9807445442875481
204,0.0544871415453366,0.9817073170731707
205,0.05351583254523575,0.9813863928112966
206,0.053165301962349656,0.9813863928112966
207,0.0517227112996177,0.980423620025674
208,0.05276148737861942,0.9823491655969191
209,0.05173465436957299,0.982028241335045
210,0.050918804708486184,0.9801026957637997
211,0.052062419819860505,0.9817073170731707
212,0.057466469767193,0.9797817715019256
213,0.052582603486445854,0.9791399229781772
214,0.06485610256174532,0.9807445442875481
215,0.052356829054844685,0.9817073170731707
216,0.051899867679756614,0.9823491655969191
217,0.053781856052004376,0.9801026957637997
218,0.05158831451494151,0.9810654685494223
219,0.05157329908643778,0.9817073170731707
220,0.051248508602834475,0.9810654685494223
221,0.050322307193747313,0.982028241335045
222,0.05118944624749323,0.982028241335045
223,0.05132229378064856,0.9826700898587933
224,0.06143405708329131,0.9807445442875481
225,0.05207795615379627,0.982028241335045
226,0.05208835955351018,0.9813863928112966
227,0.05062474382396501,0.982028241335045
228,0.050312786483659576,0.9833119383825417
229,0.055743364993339546,0.9829910141206675
230,0.05114156256835812,0.9813863928112966
231,0.052288034844856994,0.9823491655969191
232,0.050094267680572395,0.9823491655969191
233,0.05499255455767688,0.9813863928112966
234,0.05102879203951512,0.9817073170731707
235,0.05210510625694998,0.9826700898587933
236,0.049522944167256354,0.9807445442875481
237,0.04864588680271155,0.982028241335045
238,0.050391118334701814,0.982028241335045
239,0.07625586749532093,0.9823491655969191
240,0.04990143035299694,0.9829910141206675
241,0.04940088460198007,0.9813863928112966
242,0.04835347053833688,0.9823491655969191
243,0.04985725043628078,0.9813863928112966
244,0.05111818538190654,0.982028241335045
245,0.048483816566518866,0.9813863928112966
246,0.04901516484454847,0.9833119383825417
247,0.048442903744916506,0.9829910141206675
248,0.04802187847940681,0.9829910141206675
249,0.04968828359344162,0.9817073170731707
250,0.04983778926424491,0.9813863928112966
251,0.056430020980322015,0.982028241335045
252,0.048083760151758984,0.9817073170731707
253,0.04703621801812775,0.9829910141206675
254,0.04715934977866709,0.9817073170731707
255,0.04816725006900155,0.9823491655969191
256,0.048886339753293075,0.9823491655969191
257,0.04702705343803152,0.9826700898587933
258,0.050191134564841214,0.9813863928112966
259,0.04866523631036473,0.9823491655969191
260,0.04716308036138518,0.983632862644416
261,0.04703154583783964,0.9817073170731707
262,0.04656855897404827,0.982028241335045
263,0.0481174214826658,0.9829910141206675
264,0.04632448471294573,0.982028241335045
265,0.04706577477761759,0.982028241335045
266,0.046651824502847515,0.9826700898587933
267,0.048896249604578584,0.982028241335045
268,0.0548510923778686,0.983632862644416
269,0.04579479828214225,0.9823491655969191
270,0.046949687789982326,0.9826700898587933
271,0.058589224375259034,0.9823491655969191
272,0.04642085644703072,0.982028241335045
273,0.06152773850884002,0.982028241335045
274,0.04601433682852449,0.982028241335045
275,0.0475710315319399,0.983632862644416
276,0.04555080583593689,0.9833119383825417
277,0.04791619704725842,0.983632862644416
278,0.068999866131717,0.9817073170731707
279,0.045016841131907244,0.9817073170731707
280,0.04468006725566318,0.982028241335045
281,0.04626050537261061,0.982028241335045
282,0.046908036574052694,0.9823491655969191
283,0.04674114880677408,0.9826700898587933
284,0.04550263137043191,0.9833119383825417
285,0.04569797333335886,0.9823491655969191
286,0.047513841352879234,0.982028241335045
287,0.04489642928402202,0.9823491655969191
288,0.046389681687697956,0.9826700898587933
289,0.04619648520512363,0.9826700898587933
290,0.04485201391701897,0.982028241335045
291,0.04667469404864674,0.9829910141206675
292,0.04494792918006006,0.9829910141206675
293,0.04461259052443963,0.9823491655969191
294,0.04470490455472221,0.9826700898587933
295,0.04452573938283305,0.9829910141206675
296,0.04431861009835325,0.983632862644416
297,0.04359659560215779,0.9826700898587933
298,0.04609641444224578,0.9829910141206675
299,0.04443260466094869,0.9842747111681643
300,0.0457111399299883,0.9823491655969191
301,0.04424364879154242,0.9829910141206675
302,0.04555653260471538,0.9826700898587933
303,0.04344584605632684,0.9823491655969191
304,0.043255158469606286,0.9817073170731707
305,0.04760229900503197,0.9833119383825417
306,0.05445205399300903,0.9823491655969191
307,0.04532995425069179,0.9826700898587933
308,0.04459476628197501,0.9839537869062901
309,0.04433165134097903,0.9829910141206675
310,0.044166171304786055,0.9829910141206675
311,0.04367580145227317,0.983632862644416
312,0.04369516800880098,0.982028241335045
313,0.04459824326913804,0.9829910141206675
314,0.04265761045882335,0.9829910141206675
315,0.04475294159582028,0.9839537869062901
316,0.0441929557124893,0.9813863928112966
317,0.044035781756377755,0.9829910141206675
318,0.04431397351197516,0.9839537869062901
319,0.04497002344280004,0.982028241335045
320,0.0441633601535637,0.983632862644416
321,0.05976471236686055,0.9826700898587933
322,0.04243325063755784,0.9829910141206675
323,0.04294129190548586,0.9829910141206675
324,0.04252333744214131,0.983632862644416
325,0.044555643557881316,0.982028241335045
326,0.0435224018071611,0.9833119383825417
327,0.06453130674273827,0.983632862644416
328,0.042111917422750056,0.9829910141206675
329,0.04359708339608728,0.9826700898587933
330,0.05053101464425429,0.9833119383825417
331,0.043136720017541964,0.983632862644416
332,0.04241047455893399,0.983632862644416
333,0.043239069532435864,0.983632862644416
334,0.04253870890989231,0.983632862644416
335,0.042526210053191064,0.9833119383825417
336,0.053939362682509595,0.9829910141206675
337,0.04786955340875862,0.9829910141206675
338,0.04435096432586225,0.9839537869062901
339,0.041491978639999455,0.9829910141206675
340,0.0432405958767049,0.9826700898587933
341,0.04606687675367516,0.9826700898587933
342,0.04434398723354276,0.9829910141206675
343,0.042803989249305466,0.982028241335045
344,0.06359801180780125,0.983632862644416
345,0.042970021852913,0.9829910141206675
346,0.04265565614048869,0.9833119383825417
347,0.04194168672861102,0.983632862644416
348,0.054494061406689866,0.9829910141206675
349,0.05761354302999396,0.9829910141206675
350,0.04159016245020888,0.9829910141206675
351,0.0421580757244299,0.9826700898587933
352,0.04117427655161382,0.983632862644416
353,0.042306302620981555,0.9826700898587933
354,0.041200784761578034,0.9826700898587933
355,0.041536726593636934,0.9845956354300385
356,0.041432259612692854,0.9826700898587933
357,0.04294418576651086,0.983632862644416
358,0.04062598792012208,0.9833119383825417
359,0.047010126669341935,0.9839537869062901
360,0.044165446844477305,0.9839537869062901
361,0.04099543016218843,0.9833119383825417
362,0.04083799937835489,0.9839537869062901
363,0.041652663375656956,0.9829910141206675
364,0.04182875055509309,0.982028241335045
365,0.04163731025794569,0.9833119383825417
366,0.04263995321563039,0.9839537869062901
367,0.04222513006832928,0.9829910141206675
368,0.04181852442487024,0.9842747111681643
369,0.04061747855471017,0.9829910141206675
370,0.04153476173389488,0.9829910141206675
371,0.08180438253001716,0.9845956354300385
372,0.040454723463298224,0.9829910141206675
373,0.040388839805456926,0.983632862644416
374,0.04244821236815113,0.9829910141206675
375,0.04163420248496084,0.9839537869062901
376,0.040673857995679075,0.983632862644416
377,0.039891351157954585,0.9842747111681643
378,0.040594852779311345,0.9833119383825417
379,0.04195268634312715,0.9839537869062901
380,0.04162153546543171,0.9833119383825417
381,0.04172029506388264,0.9839537869062901
382,0.04068921289932078,0.9833119383825417
383,0.039807939985229704,0.983632862644416
384,0.041115086154045105,0.983632862644416
385,0.04070766257205739,0.9833119383825417
386,0.04016102657904132,0.9842747111681643
387,0.04554158701406171,0.9833119383825417
388,0.04195796014824643,0.9839537869062901
389,0.04096915292649124,0.9839537869062901
390,0.0404985843351684,0.9839537869062901
391,0.041015588034254806,0.9839537869062901
392,0.04524971771961413,0.9829910141206675
393,0.04138567739715561,0.983632862644416
394,0.040585378826989864,0.9829910141206675
395,0.041584047007087906,0.9842747111681643
396,0.04077068141166073,0.9842747111681643
397,0.0414970741323673,0.9829910141206675
398,0.03991905451238824,0.9839537869062901
399,0.03960381203856415,0.9842747111681643
400,0.04298456916496014,0.9839537869062901
401,0.040256052378875515,0.9839537869062901
402,0.04075210010453772,0.983632862644416
403,0.04006778239600886,0.9833119383825417
404,0.04075966087104275,0.9839537869062901
405,0.04229075201960185,0.9833119383825417
406,0.040673811093438414,0.9833119383825417
407,0.04030495543892567,0.9829910141206675
408,0.040367660971167375,0.9839537869062901
409,0.04100022736805467,0.9833119383825417
410,0.04018277532618063,0.983632862644416
411,0.04146076496302461,0.983632862644416
412,0.04052392125087909,0.9826700898587933
413,0.042853199360886204,0.9829910141206675
414,0.04047652089831014,0.9839537869062901
415,0.03896277584016132,0.9842747111681643
416,0.04056720197915684,0.9833119383825417
417,0.04145826281552824,0.9833119383825417
418,0.03962649527238682,0.9833119383825417
419,0.039921791423470354,0.9833119383825417
420,0.03914298443123698,0.9845956354300385
421,0.03924259227485611,0.9839537869062901
422,0.04029955144998474,0.9839537869062901
423,0.041882262324006894,0.9852374839537869
424,0.040817452135245104,0.9852374839537869
425,0.04318191935009777,0.9842747111681643
426,0.04430731931725183,0.983632862644416
427,0.03989971783086777,0.983632862644416
428,0.04053716798095056,0.9839537869062901
429,0.03957539689906228,0.9839537869062901
430,0.03888027342543818,0.983632862644416
431,0.041046027872466646,0.9839537869062901
432,0.03913994942320129,0.9833119383825417
433,0.038537548900916214,0.9842747111681643
434,0.038681931843539366,0.9845956354300385
435,0.03900032758873959,0.9839537869062901
436,0.03972978413803503,0.9833119383825417
437,0.037866257177068825,0.9845956354300385
438,0.03912910042444053,0.9839537869062901
439,0.040189529857777344,0.9845956354300385
440,0.03994392838444,0.9839537869062901
441,0.03825503817240063,0.983632862644416
442,0.038867803859130405,0.9845956354300385
443,0.0383684303987628,0.9839537869062901
444,0.03975372279588229,0.983632862644416
445,0.04241084543829903,0.9842747111681643
446,0.03933019758357356,0.9842747111681643
447,0.039159948515962474,0.9842747111681643
448,0.03874708773756328,0.9829910141206675
449,0.039407450574575564,0.9839537869062901
450,0.04191388592082195,0.9845956354300385
451,0.03840497501033287,0.9845956354300385
452,0.039063163256595056,0.9839537869062901
453,0.03960600872613633,0.9842747111681643
454,0.041642119876371744,0.9842747111681643
455,0.03966450905218386,0.9842747111681643
456,0.03882376795533137,0.983632862644416
457,0.04055638201057147,0.983632862644416
458,0.07179740424796294,0.9842747111681643
459,0.051235841796434936,0.9842747111681643
460,0.039707569849754994,0.9842747111681643
461,0.03836468555397378,0.9839537869062901
462,0.03920158808125565,0.983632862644416
463,0.038949922944914596,0.9845956354300385
464,0.04137285470317763,0.9845956354300385
465,0.03842499500397258,0.9842747111681643
466,0.0432204430970626,0.9842747111681643
467,0.03912584144705668,0.9839537869062901
468,0.03767335527689936,0.9833119383825417
469,0.03973844592326667,0.983632862644416
470,0.03851573682981185,0.9839537869062901
471,0.03889223454797712,0.9842747111681643
472,0.04593292978541472,0.9842747111681643
473,0.03879465128904065,0.9842747111681643
474,0.0380029187260124,0.9842747111681643
475,0.039129244463924226,0.9845956354300385
476,0.03869427906898543,0.9845956354300385
477,0.039037933077615425,0.9845956354300385
478,0.038547134733026046,0.9839537869062901
479,0.05479996328671964,0.9845956354300385
480,0.07114537126020505,0.9842747111681643
481,0.04509515802067024,0.9839537869062901
482,0.037701280462221265,0.9839537869062901
483,0.038457439470295916,0.9845956354300385
484,0.03805603689643949,0.9845956354300385
485,0.051226383527048315,0.9839537869062901
486,0.04450215989091726,0.9842747111681643
487,0.03829339320490805,0.9833119383825417
488,0.038233890941885944,0.9842747111681643
489,0.038192861470638606,0.9852374839537869
490,0.040422566588565065,0.9842747111681643
491,0.03824424590834846,0.9839537869062901
492,0.03881092067801943,0.9845956354300385
493,0.037249484488991305,0.9833119383825417
494,0.03878127489095697,0.9839537869062901
495,0.03737070121800897,0.983632862644416
496,0.03865711343540356,0.983632862644416
497,0.04632977203836139,0.9839537869062901
498,0.03836549501478051,0.9849165596919127
499,0.03865492913710813,0.9839537869062901
500,0.038467577996198085,0.9852374839537869
501,0.03872470580539905,0.9845956354300385
502,0.03801966418500226,0.9845956354300385
503,0.036926811492034736,0.9852374839537869
504,0.038192619291919236,0.9845956354300385
505,0.037564609265880275,0.9849165596919127
506,0.03774526596296197,0.9852374839537869
507,0.0375799986075995,0.9845956354300385
508,0.03748740005629281,0.9839537869062901
509,0.038760640422622554,0.9842747111681643
510,0.055272383035387465,0.9842747111681643
511,0.03873543666335396,0.9849165596919127
512,0.0375903413107153,0.9839537869062901
513,0.03640292663551055,0.9833119383825417
514,0.03741022299151295,0.9833119383825417
515,0.03782233639996355,0.9845956354300385
516,0.03916823649167035,0.9842747111681643
517,0.038252958238053206,0.9839537869062901
518,0.037223384322491115,0.9845956354300385
519,0.03785077831558644,0.9845956354300385
520,0.03775323913432658,0.9845956354300385
521,0.03771511398178215,0.9852374839537869
522,0.037965516004717356,0.9845956354300385
523,0.03966613259160509,0.9849165596919127
524,0.036847374184080996,0.9852374839537869
525,0.03794440810482066,0.9839537869062901
526,0.039277211690429026,0.9845956354300385
527,0.03749404717430783,0.9852374839537869
528,0.038173900387631965,0.983632862644416
529,0.03906418063098756,0.9845956354300385
530,0.037097258868370536,0.9852374839537869
531,0.06399349795911127,0.9845956354300385
532,0.03739592377424766,0.9849165596919127
533,0.03707875833004856,0.9839537869062901
534,0.03649773261635206,0.9826700898587933
535,0.038248903234937015,0.9845956354300385
536,0.037695102872049364,0.9845956354300385
537,0.037966671127688666,0.9839537869062901
538,0.03714551047230951,0.9845956354300385
539,0.038001546245187715,0.9845956354300385
540,0.03679291860898957,0.9845956354300385
541,0.03753271019742944,0.9839537869062901
542,0.03692230509731393,0.9849165596919127
543,0.03766557627867979,0.9842747111681643
544,0.03810752480960965,0.9845956354300385
545,0.037649723998299287,0.9842747111681643
546,0.03879098930852846,0.9842747111681643
547,0.03789457255326665,0.9852374839537869
548,0.03782106229590658,0.9842747111681643
549,0.037029024701750575,0.9842747111681643
550,0.07236903001366254,0.9845956354300385
551,0.03825524308530685,0.9833119383825417
552,0.03696709437152514,0.9842747111681643
553,0.036599875624569206,0.9845956354300385
554,0.036661193176256254,0.9839537869062901
555,0.037131730439021994,0.9842747111681643
556,0.0367594460852277,0.9849165596919127
557,0.03775176892642123,0.9845956354300385
558,0.03751548620266243,0.9849165596919127
559,0.09056425176819081,0.9833119383825417
560,0.03733228616489587,0.9845956354300385
561,0.037204589264300196,0.9842747111681643
562,0.03742316061420402,0.9842747111681643
563,0.03632130465001608,0.9852374839537869
564,0.03674744498536874,0.9845956354300385
565,0.036289723644045015,0.9839537869062901
566,0.04240933008199462,0.9842747111681643
567,0.03781410602319878,0.9842747111681643
568,0.03665341006962057,0.9839537869062901
569,0.03690768035952575,0.9845956354300385
570,0.036858173933638355,0.9852374839537869
571,0.036446194641459255,0.9855584082156611
572,0.037054887246071866,0.9852374839537869
573,0.0388457917712796,0.9852374839537869
574,0.038296360196097966,0.9845956354300385
575,0.03776204124934828,0.9849165596919127
576,0.03632835767344566,0.9842747111681643
577,0.03609728667607459,0.9842747111681643
578,0.036920167998565984,0.9842747111681643
579,0.04012958757342019,0.9849165596919127
580,0.036751883765548256,0.9842747111681643
581,0.037638024804451,0.9852374839537869
582,0.03651193488345971,0.9839537869062901
583,0.03584134129580492,0.9852374839537869
584,0.049971907073333384,0.9845956354300385
585,0.0364871995529542,0.9845956354300385
586,0.03666809348043246,0.9855584082156611
587,0.03631917011718122,0.9842747111681643
588,0.1274964371436419,0.9845956354300385
589,0.0360516579798572,0.9839537869062901
590,0.0368590974625803,0.9852374839537869
591,0.03710506435812791,0.9845956354300385
592,0.03617529501505674,0.9845956354300385
593,0.0371714999839568,0.9845956354300385
594,0.03730687321143565,0.9845956354300385
595,0.036960535784526606,0.9852374839537869
596,0.03686197178650241,0.9845956354300385
597,0.03661653566277192,0.9845956354300385
598,0.03632659802067046,0.9852374839537869
599,0.03666199618901607,0.9845956354300385
600,0.035986903964434394,0.9839537869062901
601,0.036549449136528446,0.9845956354300385
602,0.03707373517801245,0.9849165596919127
603,0.037026444497407794,0.983632862644416
604,0.036117170163943696,0.9845956354300385
605,0.03920874982334984,0.9839537869062901
606,0.03738642576410292,0.9845956354300385
607,0.08528255921667621,0.9842747111681643
608,0.037436092124792195,0.9833119383825417
609,0.037807244213092,0.9842747111681643
610,0.035619689143137435,0.9845956354300385
611,0.03608550001532795,0.983632862644416
612,0.035847492869018026,0.9833119383825417
613,0.03652611374944592,0.9845956354300385
614,0.03977623287415227,0.9849165596919127
615,0.036379832898427805,0.9839537869062901
616,0.03637260165832674,0.9839537869062901
617,0.03582488186963392,0.9839537869062901
618,0.0365942676732233,0.9845956354300385
619,0.036610145782917526,0.9826700898587933
620,0.035779673686304775,0.9845956354300385
621,0.04928199333647708,0.9845956354300385
622,0.037324254039207846,0.9852374839537869
623,0.036798431145815325,0.9845956354300385
624,0.035527351932810584,0.9845956354300385
625,0.03635995402112782,0.9852374839537869
626,0.03650810571994859,0.9839537869062901
627,0.03607360411167461,0.9839537869062901
628,0.03704699076106175,0.9852374839537869
629,0.03748926395066799,0.9845956354300385
630,0.038674405866671195,0.9845956354300385
631,0.03684075243132284,0.9845956354300385
632,0.03620044055636614,0.983632862644416
633,0.036261872777518314,0.983632862644416
634,0.03680852267074769,0.9849165596919127
635,0.036986287004159145,0.9855584082156611
636,0.03685218645274663,0.9842747111681643
637,0.03683796860695554,0.9845956354300385
638,0.03768710005791106,0.9845956354300385
639,0.03648093770271561,0.9852374839537869
640,0.03582520095843416,0.9849165596919127
641,0.03751001560027735,0.9849165596919127
642,0.03812367180332494,0.9849165596919127
643,0.03645732138702908,0.9849165596919127
644,0.036705415790381196,0.9845956354300385
645,0.04270553709357046,0.9845956354300385
646,0.03596544871644045,0.9849165596919127
647,0.03610285784234293,0.9845956354300385
648,0.03581318855979659,0.9845956354300385
649,0.0395948154774184,0.9852374839537869
650,0.035779131786190334,0.9849165596919127
651,0.03600569718818849,0.9845956354300385
652,0.03649519347296192,0.9845956354300385
653,0.038782139546357286,0.9852374839537869
654,0.035470156893820666,0.9845956354300385
655,0.03644247715025976,0.9845956354300385
656,0.035911555197433186,0.9845956354300385
657,0.036532502179519116,0.9845956354300385
658,0.03734786021978392,0.9845956354300385
659,0.03677676486594674,0.9852374839537869
660,0.03568131484595748,0.9855584082156611
661,0.0363375073829024,0.9855584082156611
662,0.03605275457786122,0.9852374839537869
663,0.03653182303200876,0.9845956354300385
664,0.03581807775652776,0.9842747111681643
665,0.03729721296372307,0.9852374839537869
666,0.03651065940831382,0.9849165596919127
667,0.03616940785163584,0.9845956354300385
668,0.03641612316707137,0.9849165596919127
669,0.0369782127810863,0.9852374839537869
670,0.0369374082578967,0.9845956354300385
671,0.036673771010268516,0.9855584082156611
672,0.03549247866903897,0.9852374839537869
673,0.035974444599168445,0.983632862644416
674,0.03658030173093534,0.9849165596919127
675,0.036463403647268515,0.9845956354300385
676,0.03683050618139812,0.9845956354300385
677,0.03587302727242693,0.9852374839537869
678,0.035227109307221,0.9845956354300385
679,0.03558325928170234,0.9852374839537869
680,0.037011907195138076,0.9845956354300385
681,0.03652592208333469,0.9842747111681643
682,0.03610782870076573,0.9845956354300385
683,0.035882691763869774,0.9855584082156611
684,0.036774950691212255,0.9849165596919127
685,0.03602637425512792,0.9845956354300385
686,0.03564210965302594,0.9845956354300385
687,0.03929325470145648,0.9839537869062901
688,0.0372646756220209,0.9852374839537869
689,0.036803483734137186,0.9829910141206675
690,0.03692729036355069,0.9849165596919127
691,0.03460084682596155,0.9845956354300385
692,0.03554119001402376,0.9845956354300385
693,0.03495325493023325,0.983632862644416
694,0.03584740971142683,0.9842747111681643
695,0.03576876528871556,0.9845956354300385
696,0.037251755184992456,0.9845956354300385
697,0.0364486013007804,0.9849165596919127
698,0.05680317310235786,0.9855584082156611
699,0.037794830153460426,0.983632862644416
700,0.03624830279717198,0.9849165596919127
701,0.04502285251573761,0.9845956354300385
702,0.03613740484258578,0.9849165596919127
703,0.03544989892636808,0.9845956354300385
704,0.03518382392358035,0.9839537869062901
705,0.0376165950181297,0.9845956354300385
706,0.03566073010871874,0.9845956354300385
707,0.03561568310423097,0.9852374839537869
708,0.036312519507378176,0.9845956354300385
709,0.035902864855970856,0.9845956354300385
710,0.036852788751144915,0.983632862644416
711,0.03887102683515061,0.9852374839537869
712,0.036144078500085296,0.9829910141206675
713,0.035355104602580796,0.9829910141206675
714,0.03671721652111349,0.9842747111681643
715,0.036117648830762704,0.9845956354300385
716,0.036088063761454604,0.9845956354300385
717,0.036066491454421805,0.9845956354300385
718,0.042345963927875395,0.9845956354300385
719,0.03602942641707322,0.9849165596919127
720,0.03531696981569836,0.9849165596919127
721,0.03536909959086468,0.9845956354300385
722,0.03527278609182805,0.9852374839537869
723,0.0350568964055408,0.9845956354300385
724,0.035423322630007394,0.9845956354300385
725,0.03529727005322154,0.9852374839537869
726,0.035238190742137916,0.9849165596919127
727,0.03605019211245235,0.9849165596919127
728,0.03623528269549402,0.9845956354300385
729,0.03858165973289989,0.9855584082156611
730,0.0499179542512418,0.9845956354300385
731,0.03557538100589553,0.9845956354300385
732,0.037331174703789514,0.983632862644416
733,0.03659500283885371,0.9845956354300385
734,0.03556345681367346,0.9852374839537869
735,0.035513514947020805,0.9849165596919127
736,0.035797907875288124,0.9852374839537869
737,0.03632909194961823,0.9845956354300385
738,0.0385177977925662,0.9845956354300385
739,0.03550572320057724,0.9839537869062901
740,0.037000862199765366,0.9849165596919127
741,0.035776702552371156,0.9855584082156611
742,0.05011008348135361,0.9845956354300385
743,0.03511083454433948,0.9842747111681643
744,0.036570414015892685,0.9849165596919127
745,0.03570629966196019,0.9849165596919127
746,0.03581229975575414,0.9849165596919127
747,0.03906848848780963,0.9845956354300385
748,0.03520430349110076,0.9852374839537869
749,0.03597963728527061,0.9852374839537869
750,0.036066485893537996,0.9852374839537869
751,0.1118899815756147,0.9852374839537869
752,0.03546863193269252,0.9849165596919127
753,0.036478697168245276,0.9855584082156611
754,0.034711864667191644,0.9852374839537869
755,0.03461720129748872,0.9855584082156611
756,0.03495368622603471,0.9845956354300385
757,0.03614463131338991,0.9839537869062901
758,0.03594329335267106,0.9855584082156611
759,0.040649520373345016,0.9849165596919127
760,0.03572956420114049,0.9839537869062901
761,0.035579824748334106,0.9849165596919127
762,0.03557441769774484,0.9845956354300385
763,0.03440200536659596,0.9852374839537869
764,0.0351842345574905,0.9849165596919127
765,0.036381508380649255,0.9849165596919127
766,0.03565876286923483,0.9845956354300385
767,0.035328265667209424,0.9858793324775353
768,0.03532613826846966,0.9852374839537869
769,0.035535558203842715,0.9855584082156611
770,0.034557016613596205,0.9845956354300385
771,0.03683338412710537,0.9849165596919127
772,0.03566365569183687,0.9852374839537869
773,0.03575654202760257,0.9855584082156611
774,0.03519551455735778,0.983632862644416
775,0.03482344263346675,0.9852374839537869
776,0.035685001426221184,0.9845956354300385
777,0.034908657350211,0.9849165596919127
778,0.03463692839290254,0.9852374839537869
779,0.03579703600053341,0.9852374839537869
780,0.03538568643901575,0.9839537869062901
781,0.035502037959835996,0.9852374839537869
782,0.03529822505762031,0.9852374839537869
783,0.03516458954512088,0.9845956354300385
784,0.03537188392424118,0.9852374839537869
785,0.03646960740924652,0.9842747111681643
786,0.03518819078804555,0.9845956354300385
787,0.03533206631594415,0.9852374839537869
788,0.0374565131167914,0.9845956354300385
789,0.042070365980870494,0.9855584082156611
790,0.03806970096461905,0.9855584082156611
791,0.0358021592889996,0.9852374839537869
792,0.03643647303665953,0.9852374839537869
793,0.036799567770242736,0.9849165596919127
794,0.03546309480242109,0.9842747111681643
795,0.03534701385480077,0.9845956354300385
796,0.0410965477128346,0.9855584082156611
797,0.05179399579889529,0.9845956354300385
798,0.034609893433046705,0.9855584082156611
799,0.03634208290731737,0.9852374839537869
800,0.03535330927669957,0.9849165596919127
801,0.035097059407808745,0.9845956354300385
802,0.036008847563770804,0.9852374839537869
803,0.03498055796263566,0.9852374839537869
804,0.035261535108442425,0.9845956354300385
805,0.03558208739462619,0.9842747111681643
806,0.040459044963212454,0.9852374839537869
807,0.036034748204297216,0.9852374839537869
808,0.03517248453721643,0.9852374839537869
809,0.03537270897038233,0.9855584082156611
810,0.03597447816110873,0.9852374839537869
811,0.0352544345407902,0.9845956354300385
812,0.03533619250773858,0.9852374839537869
813,0.03553381544957236,0.9858793324775353
814,0.034659029600226904,0.9855584082156611
815,0.03661492833802745,0.9839537869062901
816,0.03519329134086058,0.9845956354300385
817,0.035737695427460726,0.9849165596919127
818,0.05618537681640681,0.9852374839537869
819,0.03520439260822828,0.9842747111681643
820,0.03511767702912971,0.9845956354300385
821,0.03505713621916351,0.983632862644416
822,0.034629625046121264,0.9855584082156611
823,0.03695632471152259,0.9842747111681643
824,0.034508356304678064,0.9852374839537869
825,0.03524202762297743,0.9852374839537869
826,0.03484108731783449,0.9849165596919127
827,0.0351402051524089,0.9845956354300385
828,0.03410617921247486,0.9849165596919127
829,0.035702720064205676,0.9845956354300385
830,0.03528492285740168,0.9845956354300385
831,0.05048024033282836,0.9855584082156611
832,0.03941222278629609,0.9855584082156611
833,0.03614285362247103,0.9852374839537869
834,0.03575954732898539,0.9858793324775353
835,0.035243945443410966,0.9849165596919127
836,0.03476880257576107,0.9855584082156611
837,0.03494090972858547,0.9852374839537869
838,0.03537322634714282,0.9839537869062901
839,0.047860293972002976,0.9849165596919127
840,0.03516033774410458,0.9842747111681643
841,0.03618656692687625,0.9852374839537869
842,0.03705585004093173,0.9852374839537869
843,0.035107380863971624,0.9839537869062901
844,0.035155477206549574,0.9845956354300385
845,0.035095514495183944,0.9852374839537869
846,0.03526593742851848,0.9852374839537869
847,0.03514532226418408,0.9852374839537869
848,0.03503957136753553,0.9849165596919127
849,0.03769453652770235,0.9855584082156611
850,0.03510954540751976,0.9849165596919127
851,0.03543589771370768,0.9849165596919127
852,0.034035696728395314,0.9855584082156611
853,0.03460799580669771,0.9826700898587933
854,0.03543009874463165,0.9852374839537869
855,0.035383218971382566,0.9852374839537869
856,0.039252761418734176,0.9852374839537869
857,0.03609457557578049,0.9845956354300385
858,0.03463226153242151,0.9849165596919127
859,0.034734572478881974,0.9852374839537869
860,0.03527657159593685,0.9858793324775353
861,0.03425682121798253,0.9842747111681643
862,0.0355393359831606,0.9849165596919127
863,0.03519217704186956,0.9855584082156611
864,0.03532107721600765,0.9858793324775353
865,0.03509899424888994,0.9858793324775353
866,0.035379463684251114,0.9855584082156611
867,0.03517443682473804,0.9845956354300385
868,0.03616215839130559,0.9852374839537869
869,0.042158555971139156,0.9845956354300385
870,0.04808739136575381,0.9855584082156611
871,0.03473276855257632,0.9852374839537869
872,0.037639245676072255,0.9855584082156611
873,0.03590615909993992,0.9855584082156611
874,0.03520179961816235,0.9849165596919127
875,0.03503528065667547,0.9839537869062901
876,0.036261222632385445,0.9849165596919127
877,0.03498870597149317,0.9849165596919127
878,0.034439337730948004,0.9852374839537869
879,0.03485580332721255,0.9842747111681643
880,0.034967382701422765,0.9839537869062901
881,0.0347845773557007,0.9852374839537869
882,0.03415843202127666,0.9852374839537869
883,0.03534437804900779,0.9845956354300385
884,0.03499194715766815,0.9855584082156611
885,0.03526285185459225,0.9849165596919127
886,0.035192422401749544,0.9842747111681643
887,0.03426461594917316,0.9852374839537869
888,0.03680954452617861,0.9849165596919127
889,0.05615810596455748,0.9833119383825417
890,0.034735598094471826,0.9842747111681643
891,0.035014161506133415,0.9849165596919127
892,0.035399909816997255,0.9845956354300385
893,0.0442032776258062,0.9845956354300385
894,0.03599354628278002,0.9842747111681643
895,0.03557376326990869,0.9842747111681643
896,0.03596771016887849,0.9852374839537869
897,0.03461167939311007,0.9845956354300385
898,0.034171869967935774,0.9839537869062901
899,0.03451984915568923,0.9852374839537869
900,0.03506261350453431,0.9845956354300385
901,0.03924666368383884,0.9845956354300385
902,0.04771255247109459,0.9845956354300385
903,0.035203054706410816,0.9839537869062901
904,0.04078834032780156,0.9842747111681643
905,0.03538265680537547,0.9855584082156611
906,0.03469455041937554,0.9855584082156611
907,0.04871187327528158,0.9842747111681643
908,0.03552143147361886,0.9842747111681643
909,0.03465405980413123,0.9849165596919127
910,0.03464178864878471,0.9858793324775353
911,0.03482452080654464,0.9855584082156611
912,0.033514501530906925,0.9845956354300385
913,0.03434404826257378,0.9852374839537869
914,0.035450318066525655,0.9852374839537869
915,0.035262789443424064,0.9845956354300385
916,0.03475397667530043,0.9845956354300385
917,0.03479229304245494,0.9852374839537869
918,0.036704374805692795,0.9849165596919127
919,0.03983652884282772,0.9852374839537869
920,0.0338579759281763,0.9858793324775353
921,0.034550189942931936,0.9852374839537869
922,0.03469873284553521,0.9849165596919127
923,0.04858976700276029,0.9852374839537869
924,0.03535430126289728,0.9852374839537869
925,0.03592643870357185,0.9852374839537869
926,0.03486931480684479,0.9845956354300385
927,0.034818687036264846,0.9855584082156611
928,0.034786831011819556,0.9855584082156611
929,0.036051751356792054,0.9852374839537869
930,0.03486550207725929,0.9852374839537869
931,0.034661724493586614,0.9855584082156611
932,0.03487693634970361,0.9845956354300385
933,0.03442622867244212,0.9852374839537869
934,0.03573153257867745,0.9855584082156611
935,0.03542000151583358,0.9845956354300385
936,0.03459165303431338,0.9852374839537869
937,0.03518471593919317,0.9852374839537869
938,0.03564182751034446,0.9852374839537869
939,0.03542667024892767,0.9852374839537869
940,0.034926676814286156,0.9849165596919127
941,0.03413067909104239,0.9845956354300385
942,0.034057671543492825,0.9839537869062901
943,0.034387469096840595,0.9852374839537869
944,0.03405831434901278,0.9852374839537869
945,0.03483170049894864,0.9849165596919127
946,0.04382298609502285,0.9849165596919127
947,0.03394150021594191,0.9849165596919127
948,0.034878535778000534,0.9845956354300385
949,0.03436446695667632,0.9852374839537869
950,0.03490137978634522,0.9852374839537869
951,0.03451206823301618,0.983632862644416
952,0.07900078817956688,0.9845956354300385
953,0.04530930480306359,0.9852374839537869
954,0.03520979827362447,0.9858793324775353
955,0.034776845636392516,0.9849165596919127
956,0.03434613708135051,0.9852374839537869
957,0.03511775123091259,0.9845956354300385
958,0.036603044415712174,0.9855584082156611
959,0.034159118995795816,0.9855584082156611
960,0.03507813768181875,0.9852374839537869
961,0.03673105981573686,0.9842747111681643
962,0.034455782019545154,0.9852374839537869
963,0.034868313266745714,0.9845956354300385
964,0.03505823829267077,0.9839537869062901
965,0.03467489793271316,0.9852374839537869
966,0.034813655613927554,0.9852374839537869
967,0.03453713698766548,0.9852374839537869
968,0.03577298734397538,0.9845956354300385
969,0.034875889399942635,0.9858793324775353
970,0.03455075244352114,0.9852374839537869
971,0.03480180224402993,0.9852374839537869
972,0.034891617877040586,0.9855584082156611
973,0.03495241791726865,0.9852374839537869
974,0.034841369503686645,0.9845956354300385
975,0.034433665397563554,0.9852374839537869
976,0.035430359558990744,0.9852374839537869
977,0.03420728997048289,0.9858793324775353
978,0.03509206062220843,0.9849165596919127
979,0.035806636215607,0.9833119383825417
980,0.03413945400179961,0.9839537869062901
981,0.035933135283994486,0.9852374839537869
982,0.05480797361057902,0.9845956354300385
983,0.043133566201924205,0.9855584082156611
984,0.03515194516658084,0.9852374839537869
985,0.034505820044749926,0.9852374839537869
986,0.03455477489131646,0.9852374839537869
987,0.034924471678282436,0.9845956354300385
988,0.035755515739005296,0.9852374839537869
989,0.0362442704901929,0.9845956354300385
990,0.03480492475423839,0.9842747111681643
991,0.03470901721925773,0.9842747111681643
992,0.03483130399086244,0.9852374839537869
993,0.03513479227536337,0.9855584082156611
994,0.033924985109684384,0.9855584082156611
995,0.03412854470605872,0.9855584082156611
996,0.034616079372921,0.9845956354300385
997,0.03489784230578852,0.9849165596919127
998,0.03442690615251754,0.9845956354300385
999,0.035105405949247936,0.9852374839537869
